Mutation,BFE changes,counts,rates
D364Y,-0.0456,4,3.74
N481H,0.0301,0,0.00
D467V,-0.2386,10,9.35
I468F,0.0456,0,0.00
P491R,-3.1152,84,78.50
S438F,-1.1859,75,70.09
D405V,0.0193,5,4.67
Q414P,-0.1380,28,26.17
Q414E,0.0085,12,11.21
W353R,-0.7866,97,90.65
T385A,-0.0934,1,0.93
T393P,0.1530,2,1.87
G485S,0.1359,5,4.67
I418V,0.4258,23,21.50
E484D,0.1727,33,30.84
H519Q,-0.0041,0,0.00
A522P,0.0901,0,0.00
V445I,0.3273,0,0.00
T345S,-0.0787,4,3.74
K417R,0.0105,27,25.23
T415S,0.1324,5,4.67
R403S,-0.3648,56,52.34
L441I,-0.0239,0,0.00
L518I,0.0056,1,0.93
K458Q,0.2349,6,5.61
R457K,0.9654,12,11.21
N460T,0.0007,2,1.87
V395I,0.0573,0,0.00
G413R,0.1567,4,3.74
F456L,-0.0822,72,67.29
E471D,0.4396,0,0.00
V407I,0.2353,9,8.41
P463S,0.1144,1,0.93
A348T,0.4633,0,0.00
A372V,-0.0479,1,0.93
R408T,-0.0571,37,34.58
G485R,0.0672,30,28.04
R346T,0.0530,12,11.21
R403K,0.1778,34,31.78
S469P,-1.2212,68,63.55
N481D,0.0674,1,0.93
A522G,0.1605,0,0.00
E340K,-0.0048,0,0.00
Y365H,0.0142,2,1.87
S366P,0.0828,21,19.63
S366F,0.2242,1,0.93
P521T,0.0876,0,0.00
T478A,-0.0788,1,0.93
V367I,0.0317,0,0.00
E471Q,0.5230,0,0.00
L513F,0.0386,0,0.00
S477R,0.0820,0,0.00
A344V,-0.0402,0,0.00
F490L,0.5139,25,23.36
V445A,0.0961,5,4.67
S494A,0.1729,21,19.63
V341I,0.0630,0,0.00
Y365S,0.0071,6,5.61
K444N,0.1024,12,11.21
Y473F,0.5299,5,4.67
N440T,0.2791,1,0.93
Y365D,-0.0724,30,28.04
N370K,0.0961,1,0.93
Y396F,0.0683,1,0.93
C361S,0.0692,4,3.74
Y505C,-2.1547,60,56.07
Q506K,-0.7802,45,42.06
F456Y,-0.8053,24,22.43
Y449F,-0.3866,12,11.21
R408G,-0.0141,44,41.12
G476C,-0.9466,34,31.78
G476V,-1.0920,36,33.64
A352V,0.0848,0,0.00
A348V,0.2680,5,4.67
G339S,0.0559,0,0.00
N440S,0.1499,0,0.00
R357K,0.1393,2,1.87
Y489H,-0.1287,59,55.14
T333R,0.1567,0,0.00
N334K,-0.0220,0,0.00
L335F,0.0604,0,0.00
P337S,0.1039,2,1.87
P337R,0.0349,2,1.87
F338C,-0.2345,63,58.88
G339R,0.0539,0,0.00
G339A,-0.0112,0,0.00
E340Q,-0.0645,2,1.87
F342L,-0.2795,3,2.80
A344T,0.1201,1,0.93
A348P,0.6286,0,0.00
S349A,-0.1154,2,1.87
S349Y,-0.6869,32,29.91
V350F,-2.5921,100,93.46
V350A,0.5792,75,70.09
Y351F,0.4216,3,2.80
N354I,0.0556,2,1.87
R355W,-0.9873,94,87.85
R355K,-0.2987,21,19.63
K356N,-0.1484,5,4.67
R357G,-0.1639,4,3.74
S359C,0.0930,0,0.00
S359I,0.0792,1,0.93
S359R,0.0658,0,0.00
N360K,0.0492,0,0.00
C361R,0.1492,9,8.41
C361Y,0.1078,4,3.74
A363T,0.0776,0,0.00
D364H,-0.2093,2,1.87
Y365C,-0.0129,26,24.30
Y369S,-0.0452,15,14.02
S371F,0.1989,0,0.00
A372T,-0.0597,0,0.00
S375T,0.0392,3,2.80
T376S,-0.0269,6,5.61
T376N,0.0640,7,6.54
F377C,-0.0723,40,37.38
K378Q,0.0792,12,11.21
K378M,0.1851,13,12.15
C379S,-0.3001,62,57.94
C379F,0.2834,16,14.95
Y380N,-0.5322,24,22.43
Y380S,-0.2586,25,23.36
G381V,0.0134,11,10.28
V382G,-0.0873,17,15.89
S383Y,0.1874,4,3.74
P384A,0.0977,8,7.48
P384H,0.2082,13,12.15
T385N,0.0049,3,2.80
K386R,0.0335,1,0.93
K386N,0.0069,9,8.41
L387I,-0.0453,1,0.93
N388K,0.1105,2,1.87
D389V,-0.0063,0,0.00
L390I,0.0032,1,0.93
L390R,-0.0088,0,0.00
C391S,0.0686,1,0.93
N394S,0.0530,1,0.93
V395L,0.1254,0,0.00
V395A,0.0019,0,0.00
Y396C,0.2128,3,2.80
A397S,0.0483,4,3.74
D398V,-0.2338,66,61.68
D398E,-0.3945,32,29.91
S399T,0.1462,0,0.00
S399L,-0.0520,2,1.87
F400I,-2.5435,101,94.39
F400C,-2.3813,104,97.20
V401I,0.2891,47,43.93
G404A,-0.1138,4,3.74
V407F,-0.0851,11,10.28
R408K,0.0491,9,8.41
R408S,0.1010,31,28.97
Q409H,0.0960,11,10.28
I410N,-2.8721,105,98.13
P412T,-0.1494,8,7.48
K417N,0.1661,43,40.19
I418N,-2.7394,105,98.13
D420V,0.9813,5,4.67
D420E,0.2599,22,20.56
Y421D,-1.2569,102,95.33
Y421S,0.1445,54,50.47
N422S,0.8947,75,70.09
N422K,-2.3917,100,93.46
K424Q,-0.0576,38,35.51
P426S,0.1212,1,0.93
P426L,-0.2921,41,38.32
D427A,-0.0844,1,0.93
F429L,-0.1489,7,6.54
F429Y,0.2077,3,2.80
T430S,0.1005,2,1.87
G431S,-2.1627,74,69.16
G431V,-2.3621,103,96.26
C432G,-2.7148,105,98.13
C432Y,-0.7716,58,54.21
N437T,-0.4510,6,5.61
S438C,-0.0777,5,4.67
N439D,-0.4260,20,18.69
N439S,-0.4971,3,2.80
N439K,0.1792,7,6.54
L441F,0.0632,0,0.00
D442H,-0.9957,87,81.31
S443F,-0.9240,51,47.66
K444M,0.4243,7,6.54
G446C,-0.0398,4,3.74
G447C,-0.8992,33,30.84
G447V,-0.5607,11,10.28
Y449D,-1.0226,77,71.96
Y449S,-0.8112,74,69.16
N450D,0.2105,11,10.28
L461H,-0.7456,56,52.34
K462E,0.2143,3,2.80
K462I,0.2086,3,2.80
F464I,-0.0650,10,9.35
F464S,-0.0538,58,54.21
E465Q,0.0664,3,2.80
D467N,-0.2518,21,19.63
D467A,-0.4570,16,14.95
I468S,0.1498,3,2.80
I468M,0.0963,0,0.00
T470A,-0.0636,3,2.80
I472F,0.5490,10,9.35
I472S,-0.5591,18,16.82
I472M,0.1933,2,1.87
Q474H,0.0799,1,0.93
A475S,-0.0732,24,22.43
G476D,-0.1739,9,8.41
S477G,-0.0234,3,2.80
S477T,-0.0539,0,0.00
T478S,-0.0550,4,3.74
P479T,0.5761,0,0.00
C480R,-2.4793,85,79.44
N481S,0.0862,1,0.93
G482V,0.0707,5,4.67
G485C,0.0933,13,12.15
F486V,0.3537,61,57.01
F486C,-0.1473,68,63.55
N487K,-0.9547,37,34.58
C488S,-1.4551,90,84.11
F490I,0.4078,31,28.97
F490Y,0.4146,8,7.48
P491A,0.4637,6,5.61
P491L,-2.1840,61,57.01
Q493P,0.0444,100,93.46
Q493H,0.2385,18,16.82
Y495C,-1.4773,99,92.52
G496D,-1.1076,58,54.21
F497L,0.1132,46,42.99
Q498R,-0.0969,21,19.63
P499A,-0.2916,5,4.67
P499R,0.0440,9,8.41
T500I,-1.3079,3,2.80
G502C,-1.9885,40,37.38
G502V,-3.0008,40,37.38
G504A,0.2433,7,6.54
Y505S,-1.9337,65,60.75
Q506E,-1.4046,58,54.21
Q506P,-3.5875,93,86.92
Q506H,0.0489,22,20.56
Y508S,1.1224,21,19.63
R509K,-0.1553,36,33.64
V510L,0.0431,5,4.67
V510E,-2.7094,105,98.13
V512G,-2.7930,104,97.20
L513P,-2.8153,105,98.13
S514T,0.1711,0,0.00
S514Y,0.2269,3,2.80
F515C,-0.1610,34,31.78
L517P,0.1190,1,0.93
H519Y,0.0233,0,0.00
A520E,0.1656,0,0.00
T523S,0.0388,0,0.00
V524D,0.0403,38,35.51
C525S,0.0924,2,1.87
C525F,0.2251,1,0.93
C525W,0.3368,2,1.87
G526V,0.0265,4,3.74
D427Y,0.1732,1,0.93
I410V,0.7105,14,13.08
G446S,0.0046,3,2.80
E340A,-0.0634,3,2.80
V483A,0.6695,13,12.15
S371P,0.0872,14,13.08
A411T,0.2709,4,3.74
N481K,0.1084,1,0.93
N370D,-0.0252,3,2.80
N354D,0.1248,5,4.67
A522E,0.2085,0,0.00
D389E,0.0607,0,0.00
S373L,0.0220,0,0.00
I472V,-0.1265,2,1.87
P521S,0.1069,0,0.00
T415N,0.0374,0,0.00
R346K,0.1234,4,3.74
K458R,0.0928,9,8.41
N460I,0.1907,9,8.41
A344S,0.1605,1,0.93
V367A,-0.0654,0,0.00
S459F,0.4998,0,0.00
V382L,0.0355,0,0.00
Q493L,0.2279,43,40.19
N501S,0.1672,19,17.76
G413W,0.1582,8,7.48
N388S,0.0564,0,0.00
G482S,0.2845,2,1.87
V445F,0.2530,2,1.87
D427N,-0.1133,0,0.00
P337L,0.0374,2,1.87
V483L,0.4729,2,1.87
F374L,-0.1762,3,2.80
I468V,0.0409,2,1.87
N460K,0.2741,1,0.93
R346S,0.0374,14,13.08
P479H,-0.0006,0,0.00
L517I,0.0366,0,0.00
A520V,0.0995,0,0.00
H519P,0.0647,1,0.93
N440Y,0.1842,2,1.87
T470N,-0.0310,5,4.67
V367L,0.0465,0,0.00
N440K,0.6161,0,0.00
K458N,0.0032,6,5.61
S459Y,0.5234,0,0.00
I468T,0.0727,3,2.80
N450K,0.3535,6,5.61
E471G,0.0450,3,2.80
E340G,-0.0992,4,3.74
I358V,-0.0968,0,0.00
T470I,0.0208,1,0.93
N354K,0.1993,0,0.00
V362F,0.1082,0,0.00
P479S,0.3844,0,0.00
F486L,0.1456,41,38.32
Y453F,0.5225,3,2.80
S514F,0.3519,1,0.93
G482A,0.1190,3,2.80
T478R,-0.0100,1,0.93
T478I,0.1269,2,1.87
S359N,0.0615,0,0.00
R466K,0.1568,3,2.80
A372P,0.1384,10,9.35
L452M,0.5966,3,2.80
D427G,-0.0433,2,1.87
N354S,0.1455,2,1.87
G476S,0.1566,7,6.54
V401L,0.7544,30,28.04
P479L,0.2009,0,0.00
T430I,0.0684,2,1.87
N440D,0.3198,3,2.80
V503F,0.1639,3,2.80
G485V,-0.0570,16,14.95
T500S,-0.1363,3,2.80
Q414R,0.0708,6,5.61
Q414K,0.1234,1,0.93
K356R,0.0412,2,1.87
N370S,-0.0569,2,1.87
P384S,0.1151,18,16.82
R408I,0.1949,19,17.76
Y505H,-0.2060,36,33.64
L455F,-0.0415,15,14.02
A352S,0.2576,0,0.00
D405G,0.4687,15,14.02
K444R,0.2006,6,5.61
P521R,0.0827,0,0.00
L517F,0.2432,0,0.00
S349P,0.0888,45,42.06
A520T,0.1340,0,0.00
K462T,0.3344,2,1.87
G446V,0.1583,7,6.54
S494P,0.0902,50,46.73
P384L,0.2681,11,10.28
Y508H,0.7562,3,2.80
T376I,0.1338,3,2.80
F338L,0.0239,2,1.87
I402V,0.4131,11,10.28
P337T,0.0129,2,1.87
T478K,0.9994,1,0.93
E471A,0.0777,1,0.93
D427V,0.1294,1,0.93
G339D,0.1117,2,1.87
T385I,0.0314,0,0.00
A522S,0.1283,0,0.00
K378N,0.0573,16,14.95
E484A,-0.0183,36,33.64
V483F,0.5428,3,2.80
E484Q,0.0057,25,23.36
V367F,0.1764,0,0.00
R346I,0.0763,10,9.35
G476A,-0.0986,9,8.41
P337H,0.0741,3,2.80
S477I,-0.0002,2,1.87
A520S,0.1495,0,0.00
A419S,0.4147,0,0.00
A475V,0.3069,9,8.41
A411S,0.5023,3,2.80
E484K,0.0946,31,28.97
F490S,0.4406,42,39.25
A348S,0.4616,0,0.00
S494L,0.0263,27,25.23
S371T,0.0802,0,0.00
L452R,0.5752,28,26.17
D364N,-0.1862,0,0.00
S477N,0.0180,0,0.00
