Mutation,BFE changes,counts,rates
D364Y,-0.0456,4,3.74
I472V,-0.1265,2,1.87
N481H,0.0301,0,0.00
V445A,0.0961,5,4.67
D467V,-0.2386,10,9.35
I468F,0.0456,0,0.00
P491R,-3.1152,84,78.50
S477G,-0.0234,3,2.80
R509K,-0.1553,36,33.64
V510L,0.0431,5,4.67
K458N,0.0032,6,5.61
S438F,-1.1859,75,70.09
F338L,0.0239,2,1.87
D405V,0.0193,5,4.67
Q414P,-0.1380,28,26.17
Q414E,0.0085,12,11.21
W353R,-0.7866,97,90.65
N354D,0.1248,5,4.67
E471Q,0.5230,0,0.00
T385A,-0.0934,1,0.93
T393P,0.1530,2,1.87
G485S,0.1359,5,4.67
S477R,0.0820,0,0.00
I418V,0.4258,23,21.50
E484D,0.1727,33,30.84
H519Q,-0.0041,0,0.00
L452R,0.5752,28,26.17
A522P,0.0901,0,0.00
V445I,0.3273,0,0.00
T345S,-0.0787,4,3.74
P479L,0.2009,0,0.00
F490S,0.4406,42,39.25
I468V,0.0409,2,1.87
K417R,0.0105,27,25.23
T415S,0.1324,5,4.67
R346K,0.1234,4,3.74
Q414K,0.1234,1,0.93
Q414R,0.0708,6,5.61
N354S,0.1455,2,1.87
R403S,-0.3648,56,52.34
F490L,0.5139,25,23.36
N354K,0.1993,0,0.00
L441I,-0.0239,0,0.00
T470N,-0.0310,5,4.67
S459F,0.4998,0,0.00
T478K,0.9994,1,0.93
L518I,0.0056,1,0.93
T478A,-0.0788,1,0.93
K458Q,0.2349,6,5.61
R457K,0.9654,12,11.21
T478I,0.1269,2,1.87
S514F,0.3519,1,0.93
N460T,0.0007,2,1.87
L335F,0.0604,0,0.00
V395I,0.0573,0,0.00
G482S,0.2845,2,1.87
G413R,0.1567,4,3.74
F456L,-0.0822,72,67.29
V483A,0.6695,13,12.15
K378N,0.0573,16,14.95
Y505C,-2.1547,60,56.07
E471D,0.4396,0,0.00
S477T,-0.0539,0,0.00
R357K,0.1393,2,1.87
E484K,0.0946,31,28.97
P384S,0.1151,18,16.82
N450K,0.3535,6,5.61
V407I,0.2353,9,8.41
P463S,0.1144,1,0.93
P521R,0.0827,0,0.00
R408I,0.1949,19,17.76
A348T,0.4633,0,0.00
V382L,0.0355,0,0.00
A344T,0.1201,1,0.93
N370S,-0.0569,2,1.87
K444R,0.2006,6,5.61
A372V,-0.0479,1,0.93
R408T,-0.0571,37,34.58
D427Y,0.1732,1,0.93
S494L,0.0263,27,25.23
G485R,0.0672,30,28.04
G476S,0.1566,7,6.54
P479S,0.3844,0,0.00
A520V,0.0995,0,0.00
V445F,0.2530,2,1.87
R346T,0.0530,12,11.21
L452M,0.5966,3,2.80
F486L,0.1456,41,38.32
V367F,0.1764,0,0.00
Y453F,0.5225,3,2.80
Y508H,0.7562,3,2.80
K444N,0.1024,12,11.21
P521S,0.1069,0,0.00
A411S,0.5023,3,2.80
R403K,0.1778,34,31.78
L455F,-0.0415,15,14.02
P384L,0.2681,11,10.28
S469P,-1.2212,68,63.55
F374L,-0.1762,3,2.80
P337S,0.1039,2,1.87
A475V,0.3069,9,8.41
N481D,0.0674,1,0.93
Q493L,0.2279,43,40.19
A522G,0.1605,0,0.00
G339D,0.1117,2,1.87
E340K,-0.0048,0,0.00
S359N,0.0615,0,0.00
A344S,0.1605,1,0.93
V341I,0.0630,0,0.00
V483F,0.5428,3,2.80
C361S,0.0692,4,3.74
Y365H,0.0142,2,1.87
S366P,0.0828,21,19.63
S366F,0.2242,1,0.93
P521T,0.0876,0,0.00
S371P,0.0872,14,13.08
A419S,0.4147,0,0.00
A522S,0.1283,0,0.00
N440K,0.6161,0,0.00
D364N,-0.1862,0,0.00
K417N,0.1661,43,40.19
A352S,0.2576,0,0.00
L517F,0.2432,0,0.00
A348S,0.4616,0,0.00
S459Y,0.5234,0,0.00
I468T,0.0727,3,2.80
S477I,-0.0002,2,1.87
G446S,0.0046,3,2.80
S494P,0.0902,50,46.73
E484Q,0.0057,25,23.36
S373L,0.0220,0,0.00
S477N,0.0180,0,0.00
E471G,0.0450,3,2.80
G446V,0.1583,7,6.54
T385I,0.0314,0,0.00
N439K,0.1792,7,6.54
A520S,0.1495,0,0.00
